0,CERN
1,TCBI
2,SEED
3,TAYD
4,BBEP
5,DLNG
6,FFBC
7,PEBO
8,ROSG
9,MRGE
10,VWOB
11,ARCI
12,NUAN
13,AMCX
14,BBLU
15,CMTL
16,HART
17,OCLS
18,RPXC
19,RLYP
20,CPSI
21,OTIC
22,WHFBL
23,CECE
24,PNBK
25,DWAT
26,UMBF
27,ESYS
28,MNST
29,TNXP
30,RELV
31,RUSHA
32,ATLO
33,ININ
34,JCOM
35,EUFN
36,ALGN
37,DGII
38,ADSK
39,CSGS
40,PENX
41,VCYT
42,MDLZ
43,HMSY
44,SLRC
45,CGIX
46,TBBK
47,AXPW
48,OHGI
49,EVBS
50,ARCB
51,REGN
52,CASH
53,PCOM
54,QAT
55,HTWR
56,XENE
57,EPAX
58,GDEF
59,TTGT
60,LNBB
61,ISTR
62,EGBN
63,BJRI
64,SCON
65,SBSA
66,MINI
67,SAEX
68,FCZAP
69,INFI
70,TGA
71,PRTS
72,OXFD
73,SFNC
74,ACPW
75,NBIX
76,TCBIL
77,PPBI
78,ZUMZ
79,GOOD
80,RTGN
81,SYNC
82,NATI
83,ATNY
84,PCYO
85,CHXF
86,ACAD
87,TSRE
88,MTSI
89,COHR
90,ONCY
91,KOPN
92,BDSI
93,HTBI
94,CSIQ
95,TRMK
96,WIFI
97,AMAG
98,CADTU
99,GGACW
100,FRBK
101,WILC
102,EEI
103,JAKK
104,AXAS
105,FORR
106,GEVA
107,LVNTB
108,AMBCW
109,EXPD
110,OTEL
111,MLNK
112,OLED
113,EGLE
114,ENZY
115,BLRX
116,GLNG
117,SGOC
118,VSTM
119,CVTI
120,WETF
121,USBI
122,STKL
123,NTCT
124,KONA
125,ATEA
126,BWFG
127,HDNG
128,DGRW
129,HBAN
130,RCON
131,BOCH
132,CTRP
133,MTRX
134,GALTW
135,ABMD
136,RXII
137,PPSI
138,NATR
139,FCAP
140,LPTH
141,MLNX
142,WSTG
143,NFEC
144,STCK
145,PCMI
146,BCOV
147,ISIS
148,RNST
149,EVAL
150,CNOB
151,MOBL
152,RICK
153,TIBX
154,BAGR
155,MDSO
156,IKAN
157,OSBCP
158,VOD
159,MTSL
160,ANCI
161,GAIA
162,CYTX
163,MIDD
164,JRJC
165,DNKN
166,CMFN
167,ALQA
168,GLDC
169,CORT
170,PLNR
171,MTEX
172,SPPI
173,MASI
174,SIVB
175,CAMB
176,RMBS
177,PEGA
178,QQQ
179,MELA
180,CPAH
181,LUNA
182,GTIM
183,QLIK
184,ICPT
185,MAR
186,ROKA
187,MWRX
188,SODA
189,SNPS
190,DCIX
191,FARO
192,WSBC
193,GNMA
194,NURO
195,STRS
196,PDFS
197,RLOC
198,GLPI
199,QVCA
200,PSTI
201,FRNK
202,JD
203,MRCY
204,SAGE
205,CNSL
206,COKE
207,IMMR
208,KNDI
209,DSKY
210,QIWI
211,ABCO
212,OXLCN
213,ALLT
214,OFED
215,TBNK
216,OPOF
217,CRUS
218,SWKS
219,SUSQ
220,SFBC
221,PENN
222,WYNN
223,JCTCF
224,ASFI
225,CRVL
226,GABC
227,CSRE
228,LRAD
229,PFIN
230,MWIV
231,ELOS
232,CYBX
233,PFBC
234,ECYT
235,MIND
236,EGHT
237,DRAM
238,DTSI
239,VIDI
240,KMDA
241,RGSE
242,PERY
243,HOMB
244,SATS
245,NAII
246,USAK
247,YPRO
248,SUPN
249,THRX
250,ARNA
251,GAI
252,FCSC
253,COWN
254,DISCK
255,FELE
256,MNKD
257,MPET
258,DEPO
259,EMKR
260,MICTW
261,MDAS
262,QUIK
263,BEAV
264,FOLD
265,FRP
266,LGCYO
267,RGLD
268,FTCS
269,TNDM
270,ABGB
271,JGBB
272,QGEN
273,FBMS
274,SGEN
275,AUDC
276,SGI
277,MNDO
278,MFRM
279,SCVL
280,CENTA
281,CACB
282,MSFG
283,NBBC
284,ORRF
285,ALGT
286,NXTM
287,GLRE
288,WAYN
289,USLV
290,AWRE
291,YNDX
292,SCTY
293,CZWI
294,FRSH
295,AMBA
296,TSCO
297,BOLT
298,CU
299,BOBE
300,BREW
301,CGNX
302,JOEZ
303,LBIX
304,ZN
305,SRCL
306,VGLT
307,GAME
308,BAMM
309,CMSB
310,WDFC
311,CADT
312,QADA
313,AGNCP
314,PDII
315,PHIIK
316,GOODO
317,BKCC
318,ASYS
319,CASM
320,VTWG
321,MSON
322,APOL
323,FSLR
324,PRIM
325,PLXS
326,MEILZ
327,IDRA
328,ULBI
329,PBMD
330,MEMP
331,LGND
332,FWM
333,TYPE
334,GOLD
335,JASN
336,FIVE
337,XLRN
338,FNFG
339,KALU
340,III
341,EAC
342,CPLA
343,RAVN
344,IPCC
345,IKNX
346,SGRP
347,ICFI
348,RAND
349,ESRX
350,EEME
351,CAPN
352,EYEG
353,MRVL
354,FEYE
355,NXST
356,ENTA
357,ADRU
358,RCPT
359,ORPN
360,SIAL
361,ADHD
362,PMCS
363,SREV
364,AMSC
365,VRTB
366,CHSCP
367,ANIK
368,TITN
369,CVCY
370,VONG
371,FWP
372,LMNX
373,ABY
374,AEGN
375,PRPH
376,VOXX
377,PWOD
378,FONR
379,ROIQW
380,ALOG
381,DGICA
382,BIB
383,ODFL
384,TUES
385,FFIV
386,FLIC
387,JBSS
388,SNTA
389,CNDO
390,LRCX
391,AOSL
392,CBST
393,SRSC
394,SHOR
395,ARDM
396,NNBR
397,GMAN
398,JBHT
399,VASC
400,NEOG
401,PTLA
402,BCRX
403,CMRX
404,LIQD
405,MBTF
406,SMIT
407,CORE
408,TROVU
409,AMPH
410,IFV
411,RIGL
412,DWSN
413,WOOF
414,HBANP
415,FSAM
416,AFMD
417,ITCI
418,CBNK
419,LGCY
420,MPAA
421,MEET
422,PCRX
423,REXX
424,SZYM
425,CCCR
426,MPEL
427,LQDT
428,AGND
429,ORBC
430,DLTR
431,IPDN
432,THFF
433,CBPO
434,WMGI
435,VNQI
436,PWX
437,ASTI
438,CAMBU
439,MNOV
440,BDGE
441,FHCO
442,EHTH
443,SBSI
444,VWR
445,SIRO
446,PSTR
447,WWD
448,FFNW
449,SABR
450,VGGL
451,EVAR
452,RUSHB
453,AEHR
454,SMCI
455,URBN
456,FEIM
457,QCCO
458,CWBC
459,SNMX
460,DISCA
461,SAL
462,BWINB
463,OHAI
464,CMCSA
465,TRS
466,AGTC
467,ZU
468,ARIS
469,ISBC
470,CNTF
471,QUMU
472,SMRT
473,RELL
474,EPRS
475,FSFR
476,MLHR
477,ICLD
478,KTWO
479,IRIX
480,ARCW
481,CECO
482,BRCM
483,INCY
484,ADP
485,LOOK
486,PTRY
487,GK
488,ZHNE
489,GULTU
490,INPH
491,EMCB
492,ADTN
493,WASH
494,MBSD
495,ARMH
496,ICLDW
497,FTR
498,SIFI
499,UPIP
500,IILG
501,PATK
502,TSRI
503,PPHMP
504,CSGP
505,QBAK
506,KTEC
507,BBGI
508,DSKX
509,NWBI
510,HBIO
511,EMCF
512,CMCT
513,FITB
514,QTNTW
515,STLD
516,AIQ
517,ABDC
518,PRSS
519,IPCI
520,IPKW
521,MCBC
522,AAXJ
523,NSTG
524,SLAB
525,OSHC
526,LBTYK
527,IBKC
528,CMCSK
529,UVSP
530,MVIS
531,EMIF
532,MXWL
533,WHLM
534,BKEP
535,MNRK
536,BCOR
537,GASS
538,BPFHW
539,SYPR
540,IBCP
541,DTV
542,ACSF
543,ISSI
544,UTSI
545,UEPS
546,CZNC
547,UBNT
548,BLMT
549,PSCD
550,ADVS
551,EFOI
552,CFBK
553,HAYN
554,BONT
555,NCLH
556,UIHC
557,PRFT
558,OXLCO
559,BKMU
560,NBTF
561,AVEO
562,SEAC
563,FNHC
564,SIFY
565,HNRG
566,QQQX
567,YDIV
568,PME
569,ATLC
570,PGTI
571,JKHY
572,DGAS
573,LABC
574,EZCH
575,EARS
576,SGNT
577,TWTC
578,PMBC
579,OPB
580,AMCC
581,MOLG
582,SANM
583,VNET
584,ADBE
585,FXEN
586,MDXG
587,HFBC
588,MDWD
589,ALIM
590,LEVY
591,PSUN
592,CSCD
593,GWPH
594,BECN
595,ABCD
596,EDUC
597,LORL
598,CYCC
599,CRME
600,HAS
601,GPRO
602,VRSK
603,SRCE
604,MKTX
605,PSIX
606,BGFV
607,WVFC
608,ACIW
609,ZIV
610,DSGX
611,BBEPP
612,BBSI
613,FTNT
614,NCMI
615,ROIQU
616,EMMS
617,CBRL
618,EFII
619,INTC
620,HURN
621,AFAM
622,TGEN
623,SCSC
624,MELR
625,EBAY
626,XGTI
627,MCHX
628,SYKE
629,WBB
630,HNSN
631,ANSS
632,OMCL
633,NWBOW
634,CYOU
635,PANL
636,RSYS
637,ARDX
638,TORM
639,VTSS
640,NEPT
641,POWI
642,NICE
643,ATOS
644,NTLS
645,HNH
646,SIBC
647,CRAI
648,TACT
649,TECH
650,ROLL
651,DSWL
652,HYND
653,AXJS
654,TSRA
655,CRMT
656,LAND
657,PLKI
658,INTL
659,TRST
660,BOTJ
661,XOOM
662,HSKA
663,NBS
664,ENDP
665,CBMG
666,VBTX
667,MGEE
668,TRNS
669,DVCR
670,ADNC
671,BASI
672,PRAA
673,CORI
674,CASI
675,IEUS
676,AMOT
677,KWEB
678,GSIT
679,DOX
680,QUNR
681,QYLD
682,BVA
683,PMFG
684,BCLI
685,UBOH
686,FORTY
687,RPRX
688,LCNB
689,VTIP
690,ALTR
691,NWLI
692,RMTI
693,QABA
694,EDS
695,SHPG
696,TCRD
697,EAGL
698,CVCO
699,FCHI
700,CTRE
701,ATML
702,KZ
703,TWMC
704,FOXF
705,ADRE
706,SFXE
707,IMGN
708,VTWO
709,ATRI
710,TWOU
711,DAIO
712,CYAN
713,FISH
714,RGLS
715,GLDI
716,VLGEA
717,ASPS
718,LMAT
719,NVFY
720,PSCM
721,WBMD
722,EZPW
723,SGC
724,FNJN
725,PPHM
726,CTBI
727,BSF
728,LYTS
729,LGIH
730,BLVD
731,BKYF
732,LWAY
733,MOCO
734,FFCO
735,PSEC
736,KCAP
737,EBIX
738,SP
739,TRTL
740,GLRI
741,HOLX
742,CPXX
743,KONE
744,CDW
745,ATRA
746,SALE
747,FALC
748,BYFC
749,ARRY
750,SSH
751,BELFA
752,OCC
753,SIVBO
754,ANAD
755,FUND
756,BLDR
757,TFM
758,PESI
759,QVCB
760,MYL
761,PHMD
762,MOKO
763,EWBC
764,CZR
765,DMND
766,ICUI
767,AMGN
768,ACAT
769,GROW
770,VTAE
771,DSCO
772,PDLI
773,GIGA
774,BRKS
775,BSPM
776,LINC
777,PGNX
778,CADC
779,IBTX
780,VLYWW
781,RNA
782,AXTI
783,RRD
784,ELON
785,DNBF
786,SYNA
787,ASTE
788,SHLD
789,PCCC
790,CPGI
791,VTNR
792,EDGW
793,HSON
794,ESGR
795,GLBZ
796,BBRG
797,PTSX
798,ADRA
799,NYMT
800,CHW
801,AEIS
802,GPRE
803,GBIM
804,STRN
805,CLNE
806,JJSF
807,ICON
808,PLAB
809,ADEP
810,AUPH
811,STAA
812,VNR
813,AIRR
814,LOPE
815,PATR
816,LALT
817,CAR
818,ISIG
819,MU
820,SBGI
821,RENT
822,ZIXI
823,OCUL
824,NAUH
825,GUID
826,IKGH
827,VPCO
828,KANG
829,ICLN
830,LMCK
831,ZIONW
832,LTRPB
833,BABY
834,SRDX
835,TRMB
836,GRIF
837,ABTL
838,JDSU
839,MDCA
840,ARCP
841,ALLB
842,LJPC
843,CARZ
844,LSCC
845,TRIP
846,MRTN
847,CKEC
848,HTCH
849,ANGI
850,TLOG
851,FES
852,SAIA
853,PCTI
854,GLYC
855,BV
856,CLWT
857,SCAI
858,MSBF
859,BKEPP
860,SENEB
861,TROW
862,JOUT
863,VBND
864,MGCD
865,SPRT
866,ISIL
867,ACET
868,SAAS
869,SHEN
870,TUBE
871,CYTK
872,CLIR
873,QTNT
874,EQIX
875,CALA
876,RTIX
877,CWCO
878,CME
879,ALDR
880,DRIV
881,IRG
882,CYCCP
883,MRVC
884,DGRS
885,RTRX
886,VNDA
887,KRNY
888,BICK
889,BIS
890,POOL
891,SBAC
892,TAPR
893,ESLT
894,MYRG
895,MSCC
896,AEY
897,CAMT
898,VIMC
899,YOD
900,SUNS
901,IGOV
902,ADMP
903,HEAR
904,CHNR
905,CCXI
906,NWFL
907,GNCA
908,QLGC
909,MERC
910,CCOI
911,AEGR
912,CFNL
913,ACHN
914,TBPH
915,MNGA
916,TECU
917,GWGH
918,VMBS
919,DERM
920,FOXA
921,SEV
922,NGHC
923,MFSF
924,GLMD
925,VIAS
926,ITRI
927,OCFC
928,CARB
929,NFLX
930,OVRL
931,JBLU
932,KIRK
933,REGI
934,AFCB
935,WIN
936,IVAC
937,ROIQ
938,TIVO
939,CAKE
940,CHKP
941,GOODN
942,SWHC
943,WIBC
944,SPWR
945,DWCH
946,DXCM
947,MCUR
948,HSOL
949,IBOC
950,OPHC
951,SALM
952,OSM
953,IDXX
954,GIGM
955,HGSH
956,KYTH
957,SYNL
958,PCH
959,THRM
960,PCYC
961,UFPT
962,SPWH
963,SKYY
964,GLDD
965,HOLI
966,AGII
967,LOCM
968,LONG
969,FSYS
970,COBK
971,GRMN
972,ICEL
973,TNGO
974,QCLN
975,ICAD
976,OUTR
977,EXTR
978,GRFS
979,ANTH
980,MATR
981,EXEL
982,ACRX
983,CDX
984,BDCV
985,BHBK
986,CY
987,KINS
988,WIX
989,SBCP
990,ENTR
991,TXRH
992,VALU
993,LULU
994,ERIE
995,Z
996,AMRN
997,THOR
998,OBAS
999,FMB
1000,SKIS
1001,FISI
1002,APRI
1003,EMITF
1004,FTEK
1005,DMRC
1006,KEYW
1007,BIOL
1008,SQQQ
1009,GILT
1010,ARIA
1011,LEVYU
1012,SKUL
1013,CBF
1014,TTHI
1015,ASUR
1016,SPNC
1017,PNTR
1018,NETE
1019,IXYS
1020,ESCR
1021,SLCT
1022,IMOS
1023,CARO
1024,AZPN
1025,CHCO
1026,PCYG
1027,TROVW
1028,CFFN
1029,CEMI
1030,CNET
1031,WLRH
1032,QLTY
1033,CPHD
1034,BMTC
1035,UACL
1036,ENG
1037,ASEI
1038,STRM
1039,SLGN
1040,MEIP
1041,NYMTP
1042,TQQQ
1043,ORMP
1044,KRFT
1045,SQBG
1046,INWK
1047,TRNX
1048,VONV
1049,CNQR
1050,IMKTA
1051,HMIN
1052,CSCO
1053,SONC
1054,VRNG
1055,GOODP
1056,CRIS
1057,HIHO
1058,GTIV
1059,OPTT
1060,OXLC
1061,PNRG
1062,MBVT
1063,JMBA
1064,CALL
1065,SGMA
1066,PKOH
1067,WLRHU
1068,AIRT
1069,MITL
1070,DYSL
1071,ROVI
1072,SPCB
1073,TTPH
1074,PLTM
1075,PODD
1076,AMIC
1077,IDTI
1078,MARPS
1079,PVTB
1080,XCRA
1081,HMPR
1082,FBIZ
1083,BSRR
1084,HOTR
1085,PAHC
1086,HQY
1087,CPRX
1088,NUVA
1089,AROW
1090,EBTC
1091,CTG
1092,LKFN
1093,GCVRZ
1094,STEM
1095,QCRH
1096,AMDA
1097,RUTH
1098,PTCT
1099,AUMAU
1100,AHGP
1101,ATNI
1102,ESSX
1103,FV
1104,ARCPP
1105,MYOS
1106,DRNA
1107,VNRBP
1108,TTEK
1109,NVSL
1110,HELE
1111,AFSI
1112,BGMD
1113,PRGS
1114,EIGI
1115,SHLM
1116,FTSM
1117,MGI
1118,COOL
1119,LPLA
1120,EBSB
1121,CRWS
1122,PLCM
1123,GENC
1124,PSDV
1125,ECHO
1126,TRIV
1127,HCOM
1128,ELGX
1129,PCTY
1130,CINF
1131,VLTC
1132,SNCR
1133,MFNC
1134,HCBK
1135,EDMC
1136,GCBC
1137,WERN
1138,SYUT
1139,CELG
1140,URRE
1141,NVEC
1142,LPCN
1143,CROX
1144,NUTR
1145,BWEN
1146,CMGE
1147,HMNY
1148,ISLE
1149,CLUB
1150,CHFC
1151,FLXS
1152,RDWR
1153,JAXB
1154,CFGE
1155,MRKT
1156,MICT
1157,SPPR
1158,CRRC
1159,PKBK
1160,SLM
1161,FIVN
1162,FSFG
1163,MAYS
1164,LOJN
1165,BRKR
1166,SCYX
1167,GNMK
1168,LSBK
1169,FATE
1170,OVAS
1171,ETFC
1172,WSTC
1173,NTRSP
1174,COVSV
1175,SFM
1176,DISH
1177,ARTX
1178,MARK
1179,PAYX
1180,CNBKA
1181,ADXS
1182,CHMG
1183,GRPN
1184,NVDA
1185,PERI
1186,NLST
1187,PLUG
1188,EEFT
1189,BSET
1190,PSBH
1191,MELI
1192,IMNP
1193,SAPE
1194,ISSC
1195,OXBR
1196,PBIB
1197,SIGM
1198,TRVN
1199,EXAC
1200,EGLT
1201,TENX
1202,NVMI
1203,DGRE
1204,RNWK
1205,TIPT
1206,KBIO
1207,BDMS
1208,LFUS
1209,CRDC
1210,YORW
1211,DHIL
1212,COBZ
1213,SPLK
1214,IPWR
1215,NWS
1216,MFRI
1217,CATM
1218,INAP
1219,DSPG
1220,CHI
1221,USMD
1222,STBZ
1223,HCKT
1224,TESS
1225,WTFCW
1226,CDK
1227,ODP
1228,KFFB
1229,SQBK
1230,LABL
1231,CNVR
1232,IDSA
1233,SLTC
1234,VNOM
1235,ENZN
1236,CFRXZ
1237,MYGN
1238,ADMS
1239,PLPC
1240,VSAR
1241,PLUS
1242,QLYS
1243,PLBC
1244,GOOGL
1245,CLFD
1246,DXGE
1247,ISNS
1248,CDTI
1249,CLMS
1250,IACI
1251,LNCE
1252,XWES
1253,GLUU
1254,FNSR
1255,SPIL
1256,LOGI
1257,EVOL
1258,SANWZ
1259,UGLD
1260,FIZZ
1261,PRSC
1262,HCCI
1263,CKSW
1264,AMNB
1265,ICLR
1266,BGCP
1267,FTGC
1268,IRDMZ
1269,ENOC
1270,WRES
1271,LCUT
1272,SPTN
1273,PTC
1274,FTHI
1275,UBSI
1276,LMIA
1277,FMBH
1278,SVBI
1279,RMCF
1280,SLP
1281,HOFT
1282,DPRX
1283,MPWR
1284,ITRN
1285,TFSL
1286,PFSW
1287,ORIT
1288,CONN
1289,UNFI
1290,CPHC
1291,LECO
1292,CBAY
1293,CBNJ
1294,JTPY
1295,MHLDO
1296,FMNB
1297,FCFS
1298,CLNT
1299,HCSG
1300,PTEN
1301,PFLT
1302,UCFC
1303,FCEL
1304,EML
1305,BUSE
1306,MMYT
1307,CVGW
1308,CACQ
1309,CRESY
1310,BDE
1311,STFC
1312,BIIB
1313,HMNF
1314,HWBK
1315,FBSS
1316,FLIR
1317,KEQU
1318,AQU
1319,MERU
1320,BMRN
1321,PRGN
1322,ATRO
1323,LTBR
1324,FXENP
1325,BOKF
1326,GULF
1327,RARE
1328,FLWS
1329,ONEQ
1330,QNST
1331,ZSAN
1332,XPLR
1333,SONA
1334,LHCG
1335,TOUR
1336,MDVN
1337,TXN
1338,NEWP
1339,PRXL
1340,FULL
1341,GSBC
1342,CCUR
1343,AMZN
1344,GSOL
1345,CASS
1346,INOD
1347,JVA
1348,RBCAA
1349,CSWC
1350,SILC
1351,UTIW
1352,FFHL
1353,QSII
1354,FMBI
1355,ONFC
1356,TDIV
1357,NRX
1358,SAVE
1359,HMHC
1360,INSM
1361,USAP
1362,OFS
1363,FREE
1364,VECO
1365,COMM
1366,OMED
1367,INTU
1368,CBDE
1369,DRTX
1370,RIBT
1371,MIK
1372,WSCI
1373,THRD
1374,TRAK
1375,AQXP
1376,GNTX
1377,LMNS
1378,CALI
1379,SPAR
1380,SIRI
1381,VSEC
1382,AUXL
1383,WLFC
1384,RDCM
1385,IRDMB
1386,LNCO
1387,ERIC
1388,STNR
1389,HA
1390,SUTR
1391,ESMC
1392,RDEN
1393,QLTI
1394,CNYD
1395,RIVR
1396,GOOG
1397,FULT
1398,MRCC
1399,LPDX
1400,AMAT
1401,MPB
1402,OREX
1403,APTO
1404,RLOG
1405,RCMT
1406,CDZI
1407,TCBK
1408,OSIS
1409,ENVI
1410,OTIV
1411,TREE
1412,MONT
1413,CMLS
1414,SMLR
1415,DGICB
1416,SGYPW
1417,ACWX
1418,NYNY
1419,TEDU
1420,CYBR
1421,DRRX
1422,INDY
1423,MEILW
1424,LMCB
1425,WBKC
1426,PSEM
1427,FAST
1428,ANDE
1429,IMDZ
1430,GNVC
1431,EXXI
1432,HSTM
1433,DATE
1434,BANX
1435,HPJ
1436,SPHS
1437,MANT
1438,LLNW
1439,BELFB
1440,OVLY
1441,AMRB
1442,BLMN
1443,EXA
1444,MOSY
1445,RBCN
1446,NMRX
1447,AAIT
1448,CATY
1449,RDIB
1450,NCTY
1451,MBCN
1452,DGLY
1453,BRDR
1454,CGEN
1455,VGIT
1456,KLAC
1457,IMMU
1458,REIS
1459,PNFP
1460,DMLP
1461,GT
1462,CLAC
1463,DRAD
1464,KELYA
1465,LE
1466,FDIV
1467,WSFSL
1468,TTEC
1469,DAEG
1470,TLMR
1471,PLCE
1472,CLRO
1473,BMRC
1474,INSY
1475,EGRX
1476,EXPE
1477,WSBF
1478,ZAZA
1479,TROV
1480,MCRL
1481,THST
1482,ARGS
1483,HRZN
1484,MOFG
1485,MBFIP
1486,HMST
1487,WFM
1488,SBRA
1489,DIOD
1490,ACAS
1491,KITE
1492,CHEV
1493,CNIT
1494,NVEE
1495,RDNT
1496,RITT
1497,IRBT
1498,WHLRP
1499,GSM
1500,CAC
1501,MEIL
1502,CONE
1503,HRTX
1504,TGE
1505,SPU
1506,CTWS
1507,VCSH
1508,SBNY
1509,MMLP
1510,PIH
1511,CVLY
1512,LKQ
1513,JIVE
1514,CIDM
1515,SPNS
1516,OSIR
1517,FFWM
1518,RDVY
1519,ANY
1520,SONS
1521,LAMR
1522,SUMR
1523,QQXT
1524,REDF
1525,STMP
1526,ACTS
1527,IPCM
1528,ELTK
1529,MMAC
1530,CAMP
1531,MTSC
1532,SPRO
1533,MDRX
1534,AEPI
1535,ACXM
1536,ALSK
1537,ASRVP
1538,BLVDU
1539,GALT
1540,TNAV
1541,ECTE
1542,ZION
1543,MARA
1544,MBLX
1545,SSBI
1546,MRD
1547,EVRY
1548,FFIN
1549,CALD
1550,BPOPN
1551,XOMA
1552,CYTR
1553,CAAS
1554,CTRN
1555,HUBG
1556,SPPRP
1557,DHRM
1558,CZFC
1559,VRML
1560,FTSL
1561,CSQ
1562,IART
1563,ARCC
1564,TTS
1565,MITK
1566,PGC
1567,QTWW
1568,LOCO
1569,AAWW
1570,NXPI
1571,CLDN
1572,ERS
1573,PRXI
1574,TRCB
1575,PROV
1576,ELSE
1577,EMCI
1578,EOPN
1579,PZZA
1580,VSAT
1581,JCS
1582,ATAX
1583,SLMBP
1584,HBMD
1585,PRQR
1586,SAFT
1587,MOBI
1588,CPLP
1589,AIRM
1590,INO
1591,CRZO
1592,TAST
1593,VNRAP
1594,HURC
1595,GIII
1596,OZRK
1597,APAGF
1598,ZEUS
1599,SNBC
1600,TICC
1601,JASO
1602,CTAS
1603,DXPE
1604,ETRM
1605,KTOS
1606,PRKR
1607,RVBD
1608,EMEY
1609,CUNB
1610,FLDM
1611,GTWN
1612,ILMN
1613,TAXI
1614,GALE
1615,TTOO
1616,BBBY
1617,PBCP
1618,GIFI
1619,PLPM
1620,DXKW
1621,SVA
1622,OMER
1623,SMMF
1624,HYLS
1625,MULT
1626,WWWW
1627,DJCO
1628,GFNCP
1629,CRESW
1630,CASY
1631,FWLT
1632,BANR
1633,MBUU
1634,METR
1635,ADAT
1636,IMMY
1637,UNIS
1638,CYRN
1639,HTBX
1640,ZBRA
1641,HAFC
1642,SHOS
1643,PRTO
1644,RJET
1645,WABC
1646,SOCB
1647,CLRX
1648,VVUS
1649,BCPC
1650,RXDX
1651,CLDX
1652,STRA
1653,HEOP
1654,COVS
1655,AAON
1656,INTG
1657,BKSC
1658,AFFX
1659,SNSS
1660,CADTW
1661,DENN
1662,BRKL
1663,TECD
1664,UBCP
1665,IDCC
1666,STLY
1667,PFMT
1668,BLFS
1669,CREG
1670,SLVO
1671,SPDC
1672,PFIS
1673,EPZM
1674,MBWM
1675,WHLR
1676,HNNA
1677,QQEW
1678,WAFD
1679,CWAY
1680,MCEP
1681,ANIP
1682,KVHI
1683,PWRD
1684,CEMP
1685,ALKS
1686,SMT
1687,TCCO
1688,ASBI
1689,FMI
1690,WFBI
1691,ZIOP
1692,WIRE
1693,BONA
1694,AINV
1695,ACNB
1696,BUR
1697,ACTG
1698,VXUS
1699,PXLW
1700,DVAX
1701,GAIN
1702,NSSC
1703,INGN
1704,PBHC
1705,PHII
1706,MAMS
1707,SRPT
1708,EPAY
1709,FWRD
1710,LFVN
1711,PNQI
1712,EA
1713,PEBK
1714,CSFL
1715,LLTC
1716,NATH
1717,BVSN
1718,EMMSP
1719,MZOR
1720,BBOX
1721,CXDC
1722,VTL
1723,BLDP
1724,UEIC
1725,CHDN
1726,RDHL
1727,HIMX
1728,CERS
1729,BEAT
1730,PSMT
1731,SUBK
1732,IFEU
1733,ICCC
1734,MNTX
1735,PAGG
1736,GILD
1737,CHUY
1738,RBPAA
1739,GOGO
1740,GAGA
1741,HLIT
1742,TISA
1743,FRAN
1744,TOPS
1745,SPOK
1746,MXIM
1747,EPIQ
1748,VGSH
1749,PNRA
1750,HBOS
1751,SOHO
1752,RP
1753,ALCO
1754,SPLS
1755,HYGS
1756,ISCA
1757,NTK
1758,RIBTW
1759,SAMG
1760,VIAB
1761,CSUN
1762,CBAN
1763,WEN
1764,VRNT
1765,PULB
1766,VRNS
1767,SFST
1768,ENT
1769,HSNI
1770,IPXL
1771,VRTU
1772,VBIV
1773,IIJI
1774,IFON
1775,AVGO
1776,VDSI
1777,FCZA
1778,ENPH
1779,PSMI
1780,UNTD
1781,SEIC
1782,ACUR
1783,KPTI
1784,VNRCP
1785,INFN
1786,AXDX
1787,CMCO
1788,BBCN
1789,HFBL
1790,ANCB
1791,CPWR
1792,AKAO
1793,EGAN
1794,MBII
1795,AMWD
1796,IMRS
1797,AERI
1798,HALL
1799,INNL
1800,TAX
1801,MGLN
1802,ZSPH
1803,ENFC
1804,GGAL
1805,NAVI
1806,TEAR
1807,RGDX
1808,LAWS
1809,ALNY
1810,CTHR
1811,OSTK
1812,MCRI
1813,OPHT
1814,SSB
1815,ROBO
1816,UG
1817,WRLD
1818,CUTR
1819,GLBS
1820,CJJD
1821,WFD
1822,OKSB
1823,ADRD
1824,LPTN
1825,CHFN
1826,BANFP
1827,BRCD
1828,DOVR
1829,AMRI
1830,QDEL
1831,AMKR
1832,APPY
1833,CBIN
1834,IPHS
1835,SCHN
1836,ASNA
1837,ABCW
1838,ANAC
1839,ROST
1840,WPCS
1841,NVCN
1842,CTCM
1843,XTLB
1844,SPKE
1845,CHSCM
1846,GYRO
1847,UTEK
1848,FINL
1849,LOAN
1850,ONVI
1851,OBCI
1852,IIN
1853,PICO
1854,TRGT
1855,MLVF
1856,CLMT
1857,XRSC
1858,CACC
1859,HBHC
1860,CHSCN
1861,GURE
1862,XONE
1863,SHIP
1864,NEWS
1865,DLHC
1866,EXLS
1867,ASTC
1868,HSIC
1869,GFED
1870,GTLS
1871,WAVX
1872,ACFC
1873,HFWA
1874,WATT
1875,INDB
1876,OLBK
1877,SHBI
1878,GMC
1879,GBSN
1880,FTD
1881,CLTX
1882,MCOX
1883,OCRX
1884,ECOL
1885,ATHX
1886,PERF
1887,WHLRW
1888,IROQ
1889,ABIO
1890,KELYB
1891,PBIP
1892,AMTX
1893,OSN
1894,VIA
1895,CERE
1896,ESEA
1897,VIVO
1898,AKRX
1899,CRTO
1900,FOX
1901,CALM
1902,BWINA
1903,ROYL
1904,ACWI
1905,AGNCB
1906,TKAI
1907,NCIT
1908,MBRG
1909,NDSN
1910,VYFC
1911,DXM
1912,SORL
1913,EMCG
1914,ATSG
1915,DGLD
1916,ULTR
1917,ACST
1918,TCPC
1919,IEP
1920,KLIC
1921,PACW
1922,HBK
1923,ZAGG
1924,LXRX
1925,MTLS
1926,PTIE
1927,LEDS
1928,FBNK
1929,ARQL
1930,ASPX
1931,RRGB
1932,TCX
1933,ZNGA
1934,ATEC
1935,UTHR
1936,FUNC
1937,IPAR
1938,LMNR
1939,CPTA
1940,WLB
1941,CNSI
1942,VBFC
1943,UFCS
1944,XRAY
1945,LBAI
1946,CUBI
1947,LBTYA
1948,OIIM
1949,AMBI
1950,MDCO
1951,IIIN
1952,XIV
1953,BBRY
1954,LARK
1955,ATRM
1956,BLUE
1957,EFSC
1958,CTCT
1959,LIME
1960,RADA
1961,FTLB
1962,GEOS
1963,DSLV
1964,TIGR
1965,CRAY
1966,FRBA
1967,BIRT
1968,PRGNL
1969,PRLS
1970,MNTA
1971,MMSI
1972,HKTV
1973,AEZS
1974,AGNC
1975,LACO
1976,CCIH
1977,STRL
1978,FCBC
1979,ULTA
1980,RCII
1981,PVTBP
1982,ISRL
1983,KERX
1984,SIMO
1985,RMGN
1986,CCBG
1987,ADI
1988,TRCH
1989,SMBC
1990,XNCR
1991,FFKT
1992,TFSC
1993,OMEX
1994,STBA
1995,SQI
1996,OXLCP
1997,VICL
1998,LOGM
1999,PBPB
2000,MTSN
2001,AREX
2002,VIDE
2003,HOVNP
2004,SOFO
2005,WILN
2006,IRDM
2007,BNCN
2008,HAIN
2009,CSBK
2010,SGBK
2011,CLRBW
2012,VRTA
2013,ASML
2014,RPTP
2015,LVNTA
2016,PAAS
2017,ASCMA
2018,BOSC
2019,MENT
2020,STRZA
2021,FDML
2022,BRLI
2023,CISG
2024,QKLS
2025,XBKS
2026,ISHG
2027,FCTY
2028,OXGN
2029,DORM
2030,NTRS
2031,BRID
2032,LTRE
2033,TLF
2034,GSVC
2035,GALTU
2036,FLML
2037,INVE
2038,XNPT
2039,EXLP
2040,YY
2041,FCNCA
2042,MDIV
2043,CTSH
2044,SOXX
2045,FLL
2046,SPPRO
2047,YHOO
2048,SGYPU
2049,MNRO
2050,CDXS
2051,CIFC
2052,GAINP
2053,HWAY
2054,VTHR
2055,EVEP
2056,ARTW
2057,ASRV
2058,REFR
2059,UFPI
2060,VCLT
2061,USLM
2062,WDC
2063,QINC
2064,FRME
2065,FSCFL
2066,UNXL
2067,COCO
2068,RVSB
2069,HDRA
2070,WEYS
2071,AGIO
2072,SENEA
2073,QURE
2074,ERW
2075,RDI
2076,IMI
2077,BIOD
2078,EXPO
2079,HEES
2080,ESCA
2081,SLMAP
2082,WSFS
2083,PFPT
2084,HTBK
2085,ENSG
2086,COLM
2087,MGIC
2088,BSFT
2089,ECPG
2090,BNFT
2091,REPH
2092,HWKN
2093,MTGE
2094,CSII
2095,FSBK
2096,UHAL
2097,ACOR
2098,TERP
2099,FBRC
2100,MKTO
2101,FCVA
2102,CUI
2103,REMY
2104,CDNS
2105,EROC
2106,WHF
2107,CLACU
2108,CPSS
2109,CLSN
2110,IQNT
2111,WMGIZ
2112,AAL
2113,CBSHP
2114,NSPH
2115,SGYP
2116,PBSK
2117,OSBC
2118,PTNR
2119,EDAP
2120,HAWK
2121,BPTH
2122,CRNT
2123,VRTX
2124,HYZD
2125,ROIAK
2126,SLXP
2127,EXFO
2128,UMPQ
2129,INVT
2130,TZOO
2131,DRYS
2132,VIEW
2133,SKBI
2134,IFNA
2135,ESCRP
2136,MTGEP
2137,MGNX
2138,IMCB
2139,SCOK
2140,FFBCW
2141,RLJE
2142,WAFDW
2143,GSIG
2144,VBLT
2145,CHOP
2146,WEBK
2147,ACHC
2148,CRRS
2149,UNTY
2150,AMOV
2151,MEOH
2152,NEWT
2153,NAVG
2154,BTUI
2155,TVIX
2156,ASTM
2157,VRA
2158,SFBS
2159,PRGX
2160,RVLT
2161,LPSB
2162,LAYN
2163,CARA
2164,ORBK
2165,HBCP
2166,PFBX
2167,FANG
2168,SCHL
2169,ARKR
2170,COHU
2171,AVNW
2172,RESN
2173,AAME
2174,ACFN
2175,CBLI
2176,SBUX
2177,CELGZ
2178,RGCO
2179,CEVA
2180,DAKT
2181,NTES
2182,AXGN
2183,GEVO
2184,NAME
2185,SASR
2186,FBNC
2187,CFRX
2188,DWA
2189,PRMW
2190,JST
2191,KFX
2192,BFIN
2193,VKTX
2194,CCRN
2195,BNDX
2196,NICK
2197,UBSH
2198,ASMI
2199,SBCF
2200,ACTA
2201,SHLO
2202,CHYR
2203,NTWK
2204,TATT
2205,MOVE
2206,BPOP
2207,FEIC
2208,ALDX
2209,HALO
2210,MLAB
2211,NILE
2212,AGRX
2213,PDEX
2214,MHGC
2215,PDCO
2216,MAGS
2217,CA
2218,DXPS
2219,BANF
2220,AIMC
2221,TTWO
2222,QCOM
2223,PFIE
2224,MSLI
2225,CTIB
2226,CBOE
2227,FCS
2228,DAX
2229,SANW
2230,ATVI
2231,UCBA
2232,AGYS
2233,RECN
2234,TSBK
2235,MAG
2236,VCIT
2237,AMBC
2238,ISM
2239,FRED
2240,CENT
2241,AMED
2242,YRCW
2243,CSTE
2244,STB
2245,PRCP
2246,GMCR
2247,SMTC
2248,HMTV
2249,PEGI
2250,BBNK
2251,CNTY
2252,TCBIP
2253,FCLF
2254,XLNX
2255,SINA
2256,VRSN
2257,AFOP
2258,TST
2259,SIMG
2260,POWL
2261,NWSA
2262,ALXN
2263,ESBK
2264,ARLP
2265,INTLL
2266,LIOX
2267,SBBX
2268,GMLP
2269,WINA
2270,TINY
2271,MSEX
2272,PCLN
2273,BAGL
2274,ITIC
2275,DFRG
2276,COSI
2277,ALXA
2278,JSM
2279,SMED
2280,NSYS
2281,AVHI
2282,IIVI
2283,REXI
2284,ROCK
2285,MGRC
2286,CPST
2287,PSAU
2288,MORN
2289,ARII
2290,LNTH
2291,LBTYB
2292,SBFG
2293,VUSE
2294,BLIN
2295,CTXS
2296,CHCI
2297,GBCI
2298,ESIO
2299,OMAB
2300,TSLA
2301,MBFI
2302,JAZZ
2303,ESSA
2304,DTLK
2305,KTCC
2306,RAIL
2307,FONE
2308,CLRB
2309,CFRXW
2310,NXTD
2311,ROSE
2312,COLB
2313,AMSF
2314,PSCI
2315,PETX
2316,SIEB
2317,QRHC
2318,ARRS
2319,STML
2320,HCAP
2321,AAVL
2322,BNSO
2323,BOOM
2324,TBIO
2325,LSTR
2326,ALOT
2327,FSGI
2328,PARN
2329,GBDC
2330,ONTY
2331,SSRI
2332,NSEC
2333,HZNP
2334,FXCB
2335,BDBD
2336,GPIC
2337,CTIC
2338,VIIZ
2339,AFH
2340,SBNYW
2341,SRNE
2342,AMSGP
2343,WLDN
2344,AKBA
2345,VICR
2346,CIMT
2347,BSQR
2348,ORBT
2349,GNBC
2350,OVTI
2351,LPNT
2352,MRLN
2353,AMSG
2354,ASBB
2355,CHLN
2356,FULLL
2357,MSTR
2358,GPOR
2359,FSRV
2360,VONE
2361,SGNL
2362,SNHY
2363,LINE
2364,FITBI
2365,ISRG
2366,CYNO
2367,SEMI
2368,CHSCO
2369,GHDX
2370,CBSH
2371,VRTS
2372,IBB
2373,EBMT
2374,DCOM
2375,CHTR
2376,TGLS
2377,FFNM
2378,GRID
2379,HBP
2380,JXSB
2381,XNET
2382,TKMR
2383,NTRI
2384,MCBK
2385,NMIH
2386,MRNS
2387,GGACU
2388,JOBS
2389,OTEX
2390,SWSH
2391,ATTU
2392,AKER
2393,SURG
2394,DXJS
2395,GERN
2396,HILL
2397,HTHT
2398,VIP
2399,NFBK
2400,PACB
2401,NTAP
2402,PMD
2403,RFIL
2404,EVOK
2405,YDLE
2406,CLVS
2407,RCKY
2408,BYBK
2409,CHKE
2410,FNGN
2411,WVVI
2412,AKAM
2413,FARM
2414,FFKY
2415,TCFC
2416,SMTX
2417,IRWD
2418,FCCY
2419,FCCO
2420,IRMD
2421,ATHN
2422,LMOS
2423,LOXO
2424,KUTV
2425,GTXI
2426,ELNK
2427,HFFC
2428,SINO
2429,ORIG
2430,UNB
2431,ACLS
2432,SSYS
2433,FOMX
2434,ATRS
2435,QTEC
2436,NANO
2437,UDF
2438,SCSS
2439,USCR
2440,CHY
2441,STXS
2442,RTK
2443,PCO
2444,DEST
2445,CCMP
2446,HDS
2447,AVAV
2448,PRAN
2449,VIIX
2450,MAT
2451,TSEM
2452,NERV
2453,UTMD
2454,CNAT
2455,BIOS
2456,SPEX
2457,UPI
2458,RDUS
2459,HTLD
2460,OHRP
2461,SQNM
2462,OPXA
2463,FUEL
2464,PLMT
2465,NKSH
2466,MGPI
2467,WMAR
2468,FMER
2469,DRWI
2470,ORLY
2471,CYBE
2472,CTRL
2473,RVNC
2474,EEMA
2475,ONTX
2476,AMRK
2477,FB
2478,NLNK
2479,KOOL
2480,CDNA
2481,XENT
2482,ASMB
2483,ABCB
2484,NBTB
2485,SKYW
2486,DISCB
2487,HIBB
2488,CERU
2489,THLD
2490,OVBC
2491,KFRC
2492,FIBK
2493,TASR
2494,XGTIW
2495,CENX
2496,MGAM
2497,LNDC
2498,USEG
2499,DXYN
2500,LANC
2501,FEUZ
2502,SSFN
2503,CCNE
2504,PCBK
2505,RGDO
2506,SFLY
2507,CCCL
2508,XXIA
2509,ADES
2510,WOOD
2511,OGXI
2512,PDCE
2513,IOSP
2514,PNNT
2515,GNCMA
2516,HPTX
2517,SNDK
2518,NDAQ
2519,PSCH
2520,NDLS
2521,BOTA
2522,MHLD
2523,BIDU
2524,WPPGY
2525,MRTX
2526,ROIC
2527,EBIO
2528,PSCE
2529,AAPL
2530,EGT
2531,TQNT
2532,OTTR
2533,CVBF
2534,KOSS
2535,ESPR
2536,TSRO
2537,SAFM
2538,DAVE
2539,JACK
2540,NTIC
2541,AMRS
2542,CGO
2543,CWST
2544,POZN
2545,ANGO
2546,FLXN
2547,IPAS
2548,GBLI
2549,ZGNX
2550,BSTC
2551,KIN
2552,ZINC
2553,FSTR
2554,GOMO
2555,NGHCP
2556,PINC
2557,CART
2558,HDSN
2559,BNCL
2560,GGAC
2561,FSC
2562,ADUS
2563,APEI
2564,INBK
2565,ENTG
2566,BPFH
2567,BWLD
2568,CFNB
2569,DARA
2570,AMSWA
2571,MATW
2572,USATP
2573,MGYR
2574,SCOR
2575,SYRX
2576,PTNT
2577,FDUS
2578,IBKR
2579,COST
2580,PSCT
2581,SSNC
2582,CRTN
2583,LION
2584,SBRAP
2585,DYNT
2586,ERI
2587,CLBH
2588,ABAC
2589,STRZB
2590,AMCF
2591,APWC
2592,LLEX
2593,HIFS
2594,HTLF
2595,COMT
2596,ZFGN
2597,SBLK
2598,CACG
2599,CHEF
2600,BCOM
2601,TOWN
2602,MANH
2603,TWIN
2604,IGLD
2605,CFFI
2606,TTMI
2607,CHRW
2608,AGEN
2609,VTWV
2610,FOSL
2611,CPRT
2612,LTRPA
2613,GENE
2614,ESXB
2615,SNAK
2616,LPHI
2617,BCBP
2618,DSCI
2619,SYNT
2620,SMAC
2621,NWPX
2622,LGCYP
2623,STX
2624,EGRW
2625,LPSN
2626,FORM
2627,FPRX
2628,AMCN
2629,PLAY
2630,INFA
2631,ATAI
2632,SAJA
2633,BOFI
2634,PPC
2635,NATL
2636,VISN
2637,GBNK
2638,HERO
2639,TCBIW
2640,ABAX
2641,ZLTQ
2642,SGMS
2643,ONB
2644,SCLN
2645,SYMC
2646,NHTB
2647,SVVC
2648,PEIX
2649,USAT
2650,HWCC
2651,TESO
2652,FDEF
2653,NPBC
2654,MTBC
2655,SYMX
2656,CUBA
2657,ACGL
2658,BPFHP
2659,MKSI
2660,ELRC
2661,LDRH
2662,PSCF
2663,THTI
2664,UNAM
2665,CRWN
2666,CNMD
2667,TRUE
2668,NRIM
2669,MFLX
2670,NTGR
2671,CETV
2672,PTX
2673,HSII
2674,PTSI
2675,FNRG
2676,STRT
2677,ROIA
2678,GLAD
2679,RGEN
2680,PSTB
2681,PETM
2682,EMDI
2683,PKT
2684,NEO
2685,RWLK
2686,UAE
2687,CRDT
2688,OCLR
2689,EXAS
2690,NSIT
2691,UCTT
2692,IDSY
2693,TWER
2694,TFSCU
2695,EGOV
2696,CLCT
2697,IFGL
2698,SOHU
2699,GLADO
2700,NBN
2701,ARWR
2702,CG
2703,ULTI
2704,TAIT
2705,LTRX
2706,QQQC
2707,CRDS
2708,LIVE
2709,MSG
2710,AETI
2711,CSOD
2712,APOG
2713,PETS
2714,SOHOL
2715,MCGC
2716,ARUN
2717,TRTLU
2718,GRVY
2719,PSCC
2720,HBNK
2721,SMSI
2722,TSYS
2723,FSBW
2724,AHPI
2725,CBMX
2726,WB
2727,WPRT
2728,PSCU
2729,BPOPM
2730,CSPI
2731,AGIIL
2732,AGZD
2733,FNLC
2734,FFIC
2735,NWBO
2736,CVV
2737,FUBC
2738,SZMK
2739,FORD
2740,RCPI
2741,KCLI
2742,SCMP
2743,MACK
2744,SPAN
2745,DBVT
2746,TVIZ
2747,EFUT
2748,PRTA
2749,RYAAY
2750,MSFT
2751,GFN
2752,BEBE
2753,CARV
2754,WTBA
2755,RSTI
2756,NEON
2757,EEML
2758,BYLK
2759,VOLC
2760,CVGI
2761,GKNT
2762,MCHP
2763,AVNR
2764,CIZN
2765,PBCT
2766,GARS
2767,RNET
2768,BLKB
2769,UBIC
2770,BIND
2771,SYBT
2772,CREE
2773,IPGP
2774,IFAS
2775,QADB
2776,ATRC
2777,KGJI
2778,TSC
2779,WGBS
2780,SWIR
2781,HIIQ
2782,INTX
2783,AUBN
2784,NRCIB
2785,NKTR
2786,VSCP
2787,FSNN
2788,ARAY
2789,CPIX
2790,CTRX
2791,OFIX
2792,SIGI
2793,NRCIA
2794,CAVM
2795,PCAR
2796,ANAT
2797,CNCE
2798,AWAY
2799,AIXG
2800,LDRI
2801,PFBI
2802,HBNC
2803,BIOC
2804,HOTRW
2805,SHOO
2806,OSUR
2807,VIRC
2808,OFLX
2809,NECB
2810,DXLG
2811,AAOI
2812,WSTL
2813,LSBI
2814,FRGI
2815,LAKE
2816,ANCX
2817,LMCA
2818,PRFZ
2819,UCBI
2820,TILE
2821,CBAK
2822,POPE
2823,IESC
2824,DCTH
2825,RFMD
2826,ARTNA
2827,SPSC
2828,SGMO
2829,FLEX
2830,UBFO
2831,FISV
2832,TBRA
2833,NYMX
2834,ERII
2835,DYAX
2836,TRIB
2837,TGTX
2838,UBNK
2839,WTFC
2840,SOCL
2841,SMTP
